Destination Port,Flow Duration,Total Fwd Packets,Total Backward Packets,Total Length Fwd Packets,Total Length Bwd Packets,Fwd Packet Length Mean,Bwd Packet Length Mean,Flow Bytes/s,Flow Packets/s,Flow IAT Mean,Fwd IAT Mean,SYN Flag Count,ACK Flag Count,PSH Flag Count,RST Flag Count,FIN Flag Count,Average Packet Size,Init Win Bytes Forward,Idle Mean
3193.0,7007.664757754907,1.0,0.0,6.137429817851835,0.0,6.137429817851835,0.0,875.8166992877274,142.70089032061185,7007.664757754907,8810.530709090039,1.0,1.0,0.0,1.0,1.0,6.137429817851835,2048.0,1032.801020828452
80.0,3595.4908408966608,4.0,12.0,127.49264949633677,525.8567526944149,31.873162374084192,43.82139605786791,181713.54930438823,4450.018289021657,239.69938939311072,1554.8208462012044,0.0,1.0,1.0,1.0,0.0,40.83433763692198,5263.62913783689,60779.701007017145
443.0,646037.0971568768,3.0,3.0,1487.4354083614528,90.23373243947243,495.81180278715095,30.077910813157477,2442.07205397962,9.287392359363263,129207.41943137537,306652.37965964415,0.0,1.0,0.0,0.0,0.0,262.94485680015424,36135.3541855558,261666.67942979172
53.0,115805.72239514063,5.0,6.0,2486.2433035755084,3016.4801487954855,497.2486607151017,502.7466914659143,47516.85269571701,94.9866705417795,11580.572239514064,24126.727225578063,0.0,1.0,1.0,0.0,0.0,500.24758657918125,65535.0,322.2625898328546
443.0,254697.73427856065,17.0,9.0,1724.1283655568375,100956.85640530894,101.41931562099045,11217.42848947877,403148.40279876423,102.08178754964516,10187.909371142427,18960.561211489407,0.0,1.0,1.0,0.0,0.0,3949.268645033299,16126.429526713086,191373.6874379235
80.0,49906.06246731887,10.0,18.0,3752.859118277597,6483.276315089068,375.2859118277597,360.1820175049482,205108.05556078136,561.054080720872,1848.372683974773,5029.787917932303,0.0,1.0,1.0,0.0,0.0,365.57626547738084,9853.928239884417,20834180.54445618
8080.0,1817229.503446302,7.0,5.0,799.598469781288,985.0225436526342,114.2283528258983,197.00450873052685,982.0559318729202,6.603458714071331,165202.682131482,347832.6991560467,1.0,1.0,1.0,0.0,1.0,148.7184177861602,11193.33850282968,4307442.01278744
53.0,4315.933640594176,2.0,2.0,83.75927639632732,1279.821696749107,41.87963819816366,639.9108483745536,315941.1350350859,926.7983090326937,1438.6445468647253,4071.8794380416357,0.0,0.0,1.0,0.0,0.0,340.8952432863586,1150.626802301573,700.4817341922629
21.0,531499.0991158569,20.0,25.0,400.1020182761762,2171.266866076654,20.00510091380881,86.85067464306616,4837.95530158052,84.66618301866743,12079.524979905838,23035.513747454675,1.0,1.0,1.0,0.0,0.0,57.141530763396226,3899.1307438090607,3105.257344030319
443.0,144590.1565422034,7.0,5.0,769.7448989909244,5779.7350414028415,109.9635569987035,1155.9470082805683,45296.859046432284,82.9932015219681,13144.559685654853,19647.446125731894,0.0,1.0,1.0,0.0,0.0,545.7899950328139,2584.1767165146675,4397.833720186688
443.0,12521765.315176014,5.0,2.0,22.130284238983847,26.650830935676726,4.42605684779677,13.325415467838363,3.895705912611162,0.5590266087734614,2086960.885862669,3647559.7225007797,0.0,0.0,1.0,1.0,0.0,6.968730739237224,29200.0,3491181.7109726034
45604.0,790876.9750927995,8.0,9.0,885.6450298272798,705.9950259649432,110.70562872840998,78.44389177388258,2012.5001813404212,21.495125709033648,49429.81094329997,145673.6924330181,0.0,1.0,1.0,0.0,0.0,93.62588563483665,11287.907751644874,24589091.85254166
80.0,10434331.059754245,4.0,1.0,32.50116957214975,5.675349536818853,8.125292393037437,5.675349536818853,3.658741407603734,0.4791874027540931,2608582.7649385612,3510496.9995109327,0.0,0.0,0.0,0.0,0.0,7.6353038217937215,29200.0,4317934.808074636
13605.0,4910.193328565366,2.0,0.0,7.151953910992162,0.0,3.575976955496081,0.0,1456.5524068849204,407.3159377177414,4910.193328565366,4586.060314225287,1.0,0.0,0.0,0.0,0.0,3.575976955496081,14600.0,21.44220669081461
80.0,3256.3754710562953,62.0,9.0,2095.476257859532,5037.926046811429,33.79800415902471,559.7695607568254,2190595.7614761926,21803.382512572847,46.519649586518504,65.56011598957518,0.0,0.0,0.0,0.0,0.0,100.47045499536564,6427.269387252042,10212.398917294331
443.0,13946.118769760387,3.0,1.0,19.36900917883422,1.5937138161972542,6.45633639294474,1.5937138161972542,1503.1223626522751,286.8181510595815,4648.7062565867955,8920.198177880548,1.0,0.0,0.0,0.0,0.0,5.240680748757868,5840.0,937.8336226939476
80.0,180002.45243142967,10.0,4.0,263.3921869047855,4402.092187968567,26.339218690478546,1100.5230469921416,25919.0045016227,77.77671809962241,13846.342494725359,15333.53743148585,1.0,1.0,0.0,0.0,0.0,333.24888391952516,8615.619127505382,16.847737576884427
22.0,338051.82480266364,13.0,20.0,395.2526443067531,685.4180807755736,30.40404956205793,34.27090403877868,3196.7605136081243,97.61816851384728,10564.119525083239,30848.281548595834,0.0,1.0,1.0,0.0,0.0,32.74759772976748,14873.796534769994,16430.15211304145
21.0,7986941.57508655,4.0,2.0,166.15244456143105,804.2758065230109,41.53811114035776,402.13790326150547,121.50185924878585,0.7512262289129092,1597388.31501731,2949306.117805215,0.0,1.0,0.0,0.0,0.0,161.738041847407,5573.728615699057,243060.64780524588
80.0,260258.4643664137,17.0,62.0,2706.7245473200396,96305.9255692021,159.21909101882585,1553.321380148421,380439.69235568773,303.544402263041,3336.646979056586,15416.403681919948,0.0,1.0,0.0,0.0,0.0,1253.3246850192677,65535.0,69318.83211895819
445.0,48307.31045950103,2.0,64.0,159.7658552909298,21254.143192038508,79.8829276454649,332.0959873756017,443285.06065933907,1366.2528377631754,743.1893916846312,55445.912757249884,0.0,1.0,0.0,0.0,0.0,324.4531673837794,14354.34029576133,39601559.91231177
19780.0,35268.059413321695,2.0,0.0,3.4601543058211552,0.0,1.7300771529105776,0.0,98.1101416800427,56.70853552108246,35268.059413321695,33763.09650534004,1.0,0.0,0.0,1.0,0.0,1.7300771529105776,1024.0,12.10402969695413
443.0,487646.3212778463,2.0,22.0,123.6879890766539,16770.46286205132,61.84399453832695,762.2937664568782,34644.270066178135,49.21599723567999,21202.013968602012,473753.7203032327,0.0,1.0,0.0,0.0,1.0,703.9229521303323,26790.16945289067,1478.9659027640794
80.0,47622.41999219312,17.0,4.0,203.710169462218,1777.2292428378214,11.982951144836353,444.30731070945535,41596.78178103465,440.968770663956,2381.120999609656,2702.00516933317,1.0,0.0,1.0,1.0,0.0,94.33044820476377,9059.403313116018,214.1629419055873
6667.0,1972069.9449529683,10.0,6.0,401.85939302941927,3484.306998369175,40.185939302941925,580.7178330615292,1970.6027168784194,8.113302492615993,131471.3296635312,284434.322042238,0.0,1.0,1.0,0.0,0.0,242.88539946241212,17556.60609635002,2999650.1876422544
80.0,19256.635297383997,13.0,5.0,327.9847653780292,574.1564720084863,25.229597336771477,114.83129440169726,46848.3316765661,934.7427378678813,1132.7432527872938,1221.3620589149562,1.0,0.0,1.0,1.0,0.0,50.1189576325842,8041.982532410239,97.68757753666483
443.0,27470.139124424357,5.0,2.0,170.7414638751128,27.40442749008953,34.14829277502256,13.702213745044766,7213.137526086502,254.82215318582544,4578.356520737393,5612.678668766481,1.0,0.0,1.0,0.0,0.0,28.306555909314618,9499.352297422782,21840.60194908471
63130.0,379130.0048056364,11.0,7.0,481.15884631844506,4494.185756583187,43.741713301676825,642.026536654741,13123.056840231562,47.477118064627525,22301.764988566847,26713.36793090195,0.0,1.0,1.0,0.0,1.0,276.4080334945351,20740.027776430015,14116391.280763216
80.0,134363.83421484003,19.0,18.0,21817.424600697475,7218.342414990427,1148.285505299867,401.0190230550237,216098.08312898682,275.371719006166,3732.3287281900007,7008.139764234408,0.0,1.0,1.0,0.0,0.0,784.7504598834569,17325.882727343607,1706.4692873612125
53.0,151347.37796767117,8.0,24.0,871.7454261026505,4506.994559927432,108.96817826283132,187.79143999697635,35539.036475273584,211.4341221480257,4882.173482828102,16688.10192892886,0.0,1.0,0.0,0.0,0.0,168.0856245634401,39275.887512070854,3701114.7263202798
139.0,3542998.8134857747,9.0,40.0,548.5568370882488,75640.72734226951,60.950759676472096,1891.0181835567378,21504.179987121996,13.830092128027392,73812.47528095364,457444.4434455842,0.0,1.0,0.0,0.0,0.0,1554.883350599138,38449.534149078754,1229473.306212663
443.0,1579.8953599558297,2.0,1.0,50.49083703976583,0.9215138492887969,25.245418519882914,0.9215138492887969,32541.61775023632,1898.8599346755934,789.9476799779148,1385.7650791053181,1.0,1.0,0.0,1.0,0.0,17.137450296351542,5840.0,63.33189186957484
443.0,355401.5066270933,3.0,6.0,84.2133819920747,3451.3928908576713,28.071127330691567,575.2321484762786,9948.20282672436,25.323471713481766,44425.18832838666,160671.04099371677,0.0,1.0,1.0,0.0,1.0,392.8451414277495,65535.0,2867.4352699476794
443.0,247932.27644126746,4.0,1.0,273.65114818299065,41.12992706125975,68.41278704574766,41.12992706125975,1269.625237030479,20.166797448755922,61983.069110316865,72752.43862421846,1.0,1.0,1.0,0.0,1.0,62.95621504885008,4254.660227988255,6614402.255472906
53.0,31754.036964516003,4.0,9.0,46.49939071901419,2998.1735599487556,11.624847679753547,333.13039554986176,95883.01966361262,409.39676471772816,2646.1697470430004,11171.782704532816,0.0,1.0,1.0,0.0,0.0,234.20561158982844,5693.466120634767,33463.34096072321
445.0,24920.614973720916,3.0,8.0,494.98688341940453,269.10886055621427,164.99562780646818,33.63860756952678,30661.191338230088,441.4016271909674,2492.0614973720917,9542.278954901813,0.0,0.0,1.0,0.0,1.0,69.46324945232898,5170.8603210720585,113130.56585812363
445.0,4107.298706899167,2.0,0.0,30.705455709155,0.0,15.3527278545775,0.0,7475.827277324149,486.93804437464775,4107.298706899167,2921.855187655349,0.0,0.0,0.0,1.0,0.0,15.3527278545775,1024.0,241.32027531941796
23.0,1319080.3247581238,19.0,17.0,300.2388689972414,560.4993535434518,15.802045736696916,32.97055020843834,652.5290434443592,27.29174207537454,37688.00927880354,88200.65052922143,0.0,1.0,1.0,0.0,1.0,23.90939507057481,14479.40671774374,11236.218385515871
22.0,769462.9837131699,20.0,12.0,394.3311544858353,788.8924347842301,19.716557724291768,65.74103623201917,1537.7264589912122,41.587445630690056,24821.386571392577,33717.11216590003,0.0,1.0,0.0,0.0,1.0,36.97573716468955,11319.21702166454,61495.82237508425
35601.0,480.9957185908525,1.0,0.0,1.2589535171726065,0.0,1.2589535171726065,0.0,2617.3902771128514,2079.020584485963,480.9957185908525,590.4245286576524,1.0,0.0,0.0,1.0,0.0,1.2589535171726065,29200.0,22.1078713639216
22.0,1124585.2991379239,3.0,14.0,313.91195663032465,8826.020215911873,104.63731887677488,630.4300154222766,8127.3800925093165,15.11668346814753,70286.58119612024,642532.4732971962,0.0,1.0,0.0,0.0,0.0,537.6430689730705,65535.0,43922.702369553255
8000.0,880705.8866560285,10.0,5.0,2574.2799289387276,35291.07692054796,257.4279928938728,7058.215384109592,42994.32696340715,17.03179259645218,62907.56333257346,112681.5834045139,0.0,1.0,1.0,0.0,1.0,2524.357123299112,6796.251586817426,4038.840990676221
63382.0,11570.72251875535,1.0,1.0,1.622525655221146,1.8958907157504752,1.622525655221146,1.8958907157504752,304.07922800572817,172.85005294683515,11570.72251875535,11203.038534301699,0.0,1.0,0.0,0.0,0.0,1.7592081854858106,5840.0,1426.1075105290336
443.0,49254553.61344377,9.0,1.0,1041.4093595297113,1445.9210433233666,115.71215105885682,1445.9210433233666,50.499501475010305,0.20302691358206834,5472728.17927153,4644128.938451131,0.0,1.0,0.0,1.0,0.0,248.7330402853078,2091.0443977532545,6172.4571855874265
15428.0,1642268.845556935,12.0,9.0,579.0465149821962,1730.8040031486717,48.25387624851635,192.31155590540797,1406.4996266476328,12.787187710961154,82113.44227784676,138673.95535980057,0.0,1.0,1.0,0.0,1.0,109.99288181575561,8320.090299525005,2943612.7557002245
46443.0,897764.6357778428,15.0,5.0,864.3020930470525,643.6879358962079,57.62013953647016,128.7375871792416,1679.716452226596,22.277553829764706,47250.770304096994,63655.56501416608,0.0,1.0,0.0,0.0,0.0,75.39950144716302,2048.6627322367863,1506398.1989391975
80.0,16946.58182636537,27.0,3.0,281.4659623085853,340.75143252048383,10.424665270688344,113.58381084016128,36716.39515297579,1770.2685005967526,584.3648905643231,556.0355734368296,1.0,1.0,0.0,0.0,0.0,20.74057982763564,9708.70161772592,575.6554633175326
22.0,13991.692999121871,3.0,5.0,1659.0463977699794,2701.1958668861803,553.0154659233265,540.239173377236,311630.7844182839,571.7678339927902,1998.8132855888387,5893.734299228059,0.0,1.0,0.0,0.0,0.0,545.03028308202,6976.201406933094,652.3606813004956
21.0,1262845.4979446838,18.0,21.0,283.90735637634623,664.3789994468381,15.772630909797012,31.637095211754193,750.9124096071505,30.88263771258922,33232.7762617022,76570.03048002395,1.0,1.0,1.0,0.0,1.0,24.31503476469703,1911.7191800504902,587.7424819035223
443.0,1506684.801112652,2.0,3.0,168.22918434451014,2142.157494898191,84.11459217225507,714.052498299397,1533.4240297217664,3.3185441283456334,376671.200278163,1389694.5999964783,0.0,1.0,0.0,0.0,1.0,462.0773358485402,7191.529012179047,80969.1689028165
22.0,375452.7862195749,21.0,17.0,926.3451158341373,541.8530653324967,44.11167218257797,31.873709725440982,3910.473527044203,101.21112798927686,10147.372600529052,15612.067585897774,1.0,1.0,1.0,1.0,1.0,38.636794241227214,12148.440462849341,790.1277828502214
80.0,39149.95734380215,10.0,2.0,164.77294478869396,678.3717726811627,16.477294478869396,339.18588634058136,21536.28700194064,306.5137439262045,3559.087031254741,4369.041608576396,1.0,0.0,0.0,1.0,0.0,70.26205978915472,4632.63417715128,132692.51045805818
20154.0,214960.64750168193,18.0,5.0,1757.7310714865796,362.6913466187813,97.65172619369886,72.53826932375627,9864.235350746094,106.99632824570851,9770.938522803724,9335.854018457745,0.0,1.0,1.0,0.0,1.0,92.19227904805918,7128.550853554909,14628607.930142738
80.0,14071540.878715487,5.0,3.0,19.99774396079726,31.591483327537038,3.9995487921594517,10.530494442512346,3.6662102418625526,0.5685233812667058,2010220.1255307838,4302262.038189434,0.0,0.0,0.0,1.0,0.0,6.4486534110417875,29200.0,11498474.022590227
25.0,690645.3069507257,2.0,3.0,964.9013070551514,676.6754850198694,482.4506535275757,225.55849500662313,2376.873882373517,7.239606133104046,172661.32673768143,568011.9969819902,0.0,1.0,1.0,0.0,1.0,328.3153584150042,1182.5036768862547,37333.6373621329
80.0,4772375.6530747,5.0,1.0,38.39906687933335,11.87978631096003,7.67981337586667,11.87978631096003,10.535393029653942,1.257235481061592,954475.1306149401,1378595.7716177253,1.0,1.0,0.0,0.0,1.0,8.379808865048895,29200.0,143319615.6149796
32599.0,8829.254880871922,2.0,0.0,49.567417628117106,0.0,24.783708814058553,0.0,5613.997817132009,226.51968110388182,8829.254880871922,9930.141316274812,1.0,0.0,0.0,0.0,0.0,24.783708814058553,2048.0,2.7359822271206675
24586.0,2597.008105474611,1.0,0.0,11.323183181820218,0.0,11.323183181820218,0.0,4360.087732475858,385.0584824483045,2597.008105474611,1960.9127772080255,1.0,0.0,0.0,1.0,0.0,11.323183181820218,14600.0,47.36197211780207
443.0,10859362.044636553,9.0,64.0,178.4080466655841,84189.41123576318,19.82311629617601,1315.4595505587997,7769.132195394304,6.722310178069323,150824.47284217435,955199.6104966555,0.0,1.0,1.0,0.0,0.0,1155.7235518140926,27586.481079253637,947218.270683852
80.0,1637166.5059343653,16.0,2.0,772.5729047063146,585.6614198846559,48.28580654414466,292.8307099423279,829.6250379345488,10.994605579062357,96303.9121137862,121499.7986432594,0.0,1.0,0.0,0.0,1.0,75.45746247727614,20795.429011389573,19369.42391252461
21.0,1095350.6906033754,20.0,17.0,387.5136278707908,221.59426736166188,19.37568139353954,13.034956903627169,556.0848232970253,33.779136049677845,30426.408072315986,61997.298628362994,0.0,1.0,1.0,0.0,0.0,16.462375546823043,8031.541438120101,9040.73464829821
443.0,2892786.428054172,3.0,2.0,1582.9454780662481,2035.7134692260324,527.6484926887493,1017.8567346130162,1250.9250293069044,1.7284373127273145,723196.607013543,1514307.726171793,0.0,0.0,0.0,0.0,1.0,723.7317894584561,8917.295820667063,433.531286265084
22.0,351386.3756724327,14.0,19.0,337.24230720176826,162.1631524045782,24.088736228697734,8.534902758135695,1421.2430935907976,93.91371517136756,10980.824239763522,34522.92968488727,0.0,1.0,0.0,0.0,1.0,15.133498775949892,4106.182069797973,2250.474177908289
443.0,54668.883493991365,3.0,31.0,191.51233580479638,2492.248058626563,63.83744526826546,80.395098665373,49091.187214868405,621.9259993436107,1656.6328331512534,24403.734929318478,0.0,1.0,0.0,0.0,0.0,78.93412924798115,2795.68615683644,1320800.8873219648
443.0,99862.12484748836,16.0,4.0,1533.658768875511,356.8399208064959,95.85367305471944,89.20998020162398,18931.088163497603,200.27613102108972,5255.901307762545,7619.294666710092,1.0,1.0,0.0,0.0,1.0,94.52493448410034,6254.891925664624,1033196.9682360638
6667.0,2253922.6951878043,7.0,19.0,814.2864968363997,978.1752648633279,116.32664240519996,51.48290867701726,795.2631940424086,11.535444430064445,90156.90780751217,289683.5307666987,0.0,1.0,0.0,0.0,0.0,68.94083698845105,12202.600239342672,2773847.4246941777
80.0,3662.7631057069475,5.0,10.0,1122.6753551150382,888.8939661689876,224.53507102300762,88.88939661689876,549194.4914891716,4095.2689450837033,261.62593612192484,921.646550751917,0.0,1.0,0.0,0.0,0.0,134.10462141893507,31463.56445168328,232002.79426916936
80.0,48030.87911673149,9.0,10.0,1103.9781139602228,1251.7109571596152,122.66423488446921,125.17109571596151,49045.304071880644,395.57885155138405,2668.3821731517496,4447.094867450708,1.0,1.0,0.0,0.0,0.0,123.98363532209673,25309.603154691376,44332.84768539279
80.0,3292.223642120962,6.0,2.0,16.64232626061238,189.3495893059534,2.7737210434353967,94.6747946529767,62569.2352521528,2429.968577361327,470.3176631601374,692.2690479377579,1.0,1.0,0.0,0.0,0.0,25.748989445820722,201.31917295979434,39.275665191299304
443.0,4349302.723969904,11.0,2.0,875.5665939438807,304.12673614099,79.59696308580733,152.063368070495,271.2373465253034,2.9889848614938486,362441.89366415865,558016.7147957064,0.0,1.0,0.0,0.0,0.0,90.74564077575928,1953.1414450731181,279264.0406610055
53.0,19790022.51010154,6.0,1.0,100.3156708157774,9.682345512806803,16.71927846929623,9.682345512806803,5.5582562512214055,0.35371359463724455,3298337.085016923,4374914.775112734,0.0,1.0,0.0,0.0,0.0,15.714002332654886,29200.0,8666815.544803277
443.0,24899.951784467004,7.0,5.0,111.56252725775127,173.26524480388457,15.937503893964468,34.653048960776914,11438.888497740629,481.92864403399346,2263.6319804060913,5116.794099248786,0.0,1.0,0.0,0.0,0.0,23.73564767180299,18725.52650230402,3212.583105400099
8080.0,2405585.7952652336,16.0,6.0,803.0881418667252,2085.934797611434,50.193008866670326,347.65579960190564,1200.9644158875751,9.145381571216976,114551.70453643969,163211.96632626496,1.0,1.0,0.0,0.0,0.0,131.3192245217345,2861.109042556627,13642329.258131549
53.0,2303.7170964327643,9.0,20.0,3799.761420551239,4040.963843169103,422.1957133945821,202.04819215845515,3403510.472645042,12588.351254112587,82.27561058688444,369.024403818916,0.0,1.0,0.0,0.0,1.0,270.3698366800118,7235.453163830036,88.00106784715636
53.0,89177.56076008551,22.0,27.0,1129.9114528067096,1000.9227995274317,51.35961149121407,37.07121479731229,23894.28724190749,549.4655783625295,1857.8658491684482,4029.927093421826,0.0,0.0,0.0,0.0,0.0,43.48641331294166,64679.20801656755,599992.5814032595
123.0,5769286.106492711,7.0,2.0,304.11808614398865,154.603950466937,43.44544087771266,77.3019752334685,79.51105702570086,1.5599850369478931,721160.7633115889,742861.9228549494,1.0,1.0,0.0,0.0,0.0,50.96911517899174,861.2429427280291,4623.751499153808
20248.0,3904.476949953121,3.0,0.0,13.16492215445755,0.0,4.388307384819183,0.0,3371.7505118363197,768.3487541233965,1952.2384749765606,1466.1903136937988,1.0,1.0,0.0,0.0,0.0,4.388307384819183,29200.0,64.21304858061606
23515.0,25464.63544586688,2.0,1.0,4.05056416967141,0.1460021012568947,2.025282084835705,0.1460021012568947,164.79977810204392,117.81044367893846,12732.31772293344,20876.893000161705,1.0,0.0,0.0,1.0,0.0,1.3988554236427682,1024.0,9609.72143274697
443.0,17249793.462578855,4.0,2.0,196.77481979002735,10.716367971115453,49.19370494750684,5.3581839855577265,12.028618673682528,0.34783025159206726,3449958.692515771,5102657.7951286575,1.0,1.0,0.0,0.0,1.0,34.58186462685713,29200.0,11823884.574504301
8080.0,438815.92762422777,5.0,12.0,490.84545842975416,854.4639908327118,98.16909168595083,71.20533256939265,3065.771692805321,38.7406174886105,27425.995476514236,135814.29350694522,0.0,1.0,1.0,0.0,0.0,79.13584995661564,9084.744746895743,9831331.625419693
443.0,2828986.7867079657,11.0,10.0,2882.3888455715232,447.45123548738013,262.0353495974112,44.745123548738015,1177.0433487721484,7.423152380445464,141449.33933539828,304629.1691484512,0.0,1.0,0.0,0.0,0.0,158.5638133837573,6564.621267441967,7318610.443495078
443.0,2679917.4201333956,7.0,43.0,704.3174752450903,302378.0581684855,100.61678217787005,7032.047864383384,113093.9234794199,18.657291312174536,54692.19224762032,481096.5500981445,0.0,1.0,1.0,0.0,1.0,6061.647512874612,11987.074831029522,63515.457171403235
80.0,632898.139422127,9.0,25.0,3757.924701181526,40815.453467191015,417.5471890201695,1632.6181386876406,70427.41223583093,53.72112490493966,19178.731497640212,102414.44852114965,0.0,0.0,1.0,0.0,0.0,1310.9817108344864,65535.0,852.1347637804812
80.0,89301.66322666546,3.0,11.0,857.276450341844,1864.977228081722,285.75881678061467,169.54338437106563,30483.79593461705,156.77199611014188,6869.3587097434975,55685.06212302213,0.0,0.0,0.0,0.0,1.0,194.446691315969,65535.0,66971.36292891191
80.0,24242.941155123415,8.0,2.0,5854.458498066353,859.0601506481912,731.8073122582941,429.5300753240956,276926.73944785504,412.4912045948945,2693.6601283470463,4096.6916950672385,1.0,1.0,0.0,0.0,0.0,671.3518648714544,54843.99894224752,1522610.895044993
80.0,795997.8198062314,9.0,9.0,4067.7481415044003,1192.3912246180307,451.97201572271115,132.48791384644787,6608.233383607632,22.61312726256174,46823.401165072435,90992.00282972239,0.0,1.0,1.0,0.0,1.0,292.2299647845795,9468.972720717811,87923.29320715752
22.0,1530781.7165790582,5.0,3.0,128.62064789012595,307.02051567622885,25.72412957802519,102.34017189207628,284.58738358850513,5.226088026370045,218683.1023684369,450745.25293331663,0.0,1.0,0.0,0.0,0.0,54.45514544579435,65535.0,12320.054991917495
80.0,11962.64940569741,3.0,4.0,819.3355634587516,5887.1250547069085,273.11185448625054,1471.7812636767271,560616.6653159289,585.1546561806061,1993.7749009495683,4975.050539478673,0.0,1.0,1.0,0.0,0.0,958.0658025950943,1040.345562966678,44596.62022625609
21476.0,6529.753435728684,1.0,1.0,2.609893436289771,0.14035345148142986,2.609893436289771,0.14035345148142986,421.1869429437788,306.2902787502896,6529.753435728684,6181.559175624308,1.0,1.0,0.0,1.0,0.0,1.3751234438856004,1024.0,9.679287638207429
8080.0,27345195.115366545,3.0,5.0,248.46707543798524,7940.894395550827,82.82235847932841,1588.1788791101653,299.4808205404549,0.292555967008055,3906456.4450523634,16088129.750440493,0.0,1.0,1.0,0.0,1.0,1023.6701838736014,2308.7469068173327,58679.13968947768
22.0,175793.18966215505,17.0,13.0,761.4813912405941,233.023300481911,44.793023014152595,17.92486926783931,5657.2424314831305,170.6550751917919,6061.834126281209,12614.37838147578,0.0,1.0,1.0,0.0,1.0,33.150156390750176,7621.23267020957,4808.417298381586
80.0,479229.6228813947,15.0,3.0,399.9293441380491,12407.936537762873,26.66195627586994,4135.978845920958,26725.947792819894,37.560282462870305,28189.97781655263,23978.851210877092,1.0,1.0,0.0,0.0,0.0,711.5481045500512,1962.028478060248,597.7331411566976
443.0,88310.82875293317,8.0,10.0,14411.341161628303,16463.02663221279,1801.4176452035379,1646.302663221279,349610.2146229222,203.8255132941683,5194.754632525481,15907.02217168082,0.0,1.0,0.0,0.0,0.0,1715.2426552133938,65535.0,888.0965626676931
443.0,9133.813086532478,12.0,16.0,1928.5570408251315,68273.78710844401,160.71308673542762,4267.111694277751,7685984.318288745,3065.5324052213336,338.28937357527695,775.0281410389903,0.0,1.0,1.0,0.0,1.0,2507.2265767596123,1495.8658761793636,9.49845455107964
443.0,45248351.41951808,7.0,0.0,333.37929205759593,0.0,47.62561315108513,0.0,7.367766594780098,0.15470176880257605,7541391.903253014,5982958.379973626,1.0,1.0,0.0,1.0,0.0,47.62561315108513,29200.0,15015499.856794804
443.0,42223.74719299797,6.0,16.0,17835.309341030974,487.58572188397073,2972.5515568384953,30.47410761774817,433947.6309187797,521.0338130209414,2010.6546282379986,8859.08771422691,1.0,1.0,0.0,0.0,0.0,832.8588664961338,64986.7084870008,965068.1280145701
8080.0,40240.47355035457,19.0,1.0,373.081115165751,1751.9689011613787,19.635848166618473,1751.9689011613787,52808.77258235956,497.01204373187045,2117.9196605449774,2860.7735846926075,1.0,0.0,1.0,0.0,0.0,106.25250081635647,1953.060003195088,35151.25044042972
80.0,354159.59078045,9.0,16.0,492.02004800199734,2301.291410781619,54.66889422244415,143.8307131738512,7887.1546373432575,70.58964560273044,14756.649615852082,32835.05757321969,0.0,1.0,1.0,0.0,1.0,111.73245835134465,7315.9604029334105,6593.1950698758155
43359.0,13903.711141095107,2.0,2.0,15.77869708804351,1.4167192762983902,7.889348544021755,0.7083596381491951,1236.7501158390382,287.69297343766203,4634.570380365036,10458.71175472291,1.0,0.0,0.0,0.0,0.0,4.298854091085475,2048.0,315.3648406593388
80.0,1160075.4284704493,6.0,27.0,883.0218388140704,311.94178987955456,147.17030646901173,11.553399625168687,1030.0740791218857,28.446426146194867,36252.35713970154,172587.49819236394,0.0,1.0,0.0,0.0,1.0,36.21101905132197,7318.193274279347,208.24807036037734
8000.0,196150.39315034635,7.0,10.0,1451.2898280557727,41544.35566143284,207.32711829368182,4154.435566143284,219197.34545998636,86.66819233428583,12259.399571896647,40141.67957387568,0.0,1.0,1.0,0.0,1.0,2529.1556170287417,4794.4406462608185,35624.30705666192
445.0,37863062.42671149,10.0,234.0,437.5449728675255,407046.5735215873,43.754497286752546,1739.5152714597748,10762.048613558116,6.444275353381447,155815.0717148621,4219574.636588139,0.0,1.0,1.0,0.0,0.0,1670.0168790756345,12334.27084158866,1402542.3575475144
8080.0,3296129.4269488147,4.0,6.0,322.3344382895035,3404.0659158110884,80.58360957237588,567.344319301848,1130.5382378598142,3.0338614492019125,366236.60299431277,1054131.9011240075,0.0,1.0,0.0,0.0,0.0,372.64003541005917,5680.737066008967,55418.56278429181
22.0,313375.6624100296,5.0,2.0,214.2074548164013,625.627818700381,42.841490963280265,312.8139093501905,2679.9632972707304,22.33740790898114,52229.27706833827,95681.47831106765,1.0,1.0,0.0,0.0,0.0,119.97646764525462,1162.6697434726445,174.7094461445931
21.0,452112.108220687,24.0,15.0,559.899002431966,1083.2655485398013,23.329125101331915,72.21770323598676,3634.418369015895,86.26179058439006,11897.687058439133,23485.88126269727,1.0,1.0,1.0,0.0,1.0,42.13242438389147,4008.9804900592144,68749.36344552609
443.0,318392.1629798633,16.0,4.0,4476.343895584263,1597.3798040430686,279.77149347401644,399.34495101076715,19076.234926082223,62.81561648006047,16757.482262098067,21331.713810375637,0.0,1.0,1.0,0.0,0.0,303.6861849813666,2032.5172096179328,24544.890365120726
80.0,27319.728890966155,7.0,5.0,2224.4734772132074,34075.473538012586,317.7819253161725,6815.094707602518,1328708.171303601,439.24301181363677,2483.6117173605594,5115.625670176203,0.0,1.0,0.0,0.0,0.0,3024.9955846021494,4612.881464525248,19538.30091013916
8080.0,70929.32475823186,3.0,6.0,226.33147106511507,3124.919015162076,75.4438236883717,520.819835860346,47247.74270233349,126.88686986203807,8866.165594778982,44821.83559730845,0.0,1.0,1.0,0.0,0.0,372.3611651363546,10114.782408199782,434865.4255776039
80.0,412174.9708052676,14.0,6.0,3822.241637336952,14117.605671132893,273.0172598097823,2352.934278522149,43524.834303792646,48.5230822262835,21693.41951606672,25376.917530917646,0.0,0.0,1.0,0.0,1.0,896.9923654234923,4866.582449263491,2823.050269467855
445.0,34995439.25310554,16.0,68.0,782.240074084122,71102.66633192728,48.89000463025763,1045.627446057754,2054.122135347458,2.4003127776870445,421631.79823018727,1641493.4950319089,0.0,1.0,0.0,0.0,1.0,855.7726953096595,16861.351652242345,60540.0162428579
80.0,1149.883263571078,8.0,4.0,271.41365827147484,158.599089916047,33.926707283934356,39.64977247901175,373962.0897273294,10435.841950367025,104.53484214282527,120.4568773000157,0.0,0.0,1.0,0.0,0.0,35.83439568229349,4963.1646328502175,29432.296006575794
8443.0,5385791.16641503,21.0,61.0,354.58524436423596,52092.08103428938,16.88501163639219,853.9685415457276,9737.968788263273,15.225246851630537,66491.24896808679,222526.243554432,0.0,1.0,0.0,1.0,0.0,639.5934912030929,16291.00316699647,1106625.0867225972
80.0,134905.0926371486,14.0,13.0,143.7196561314606,7508.467643125109,10.265689723675758,577.5744340865468,56722.745966592214,200.14070241678226,5188.6574091211,11218.172814809266,0.0,1.0,1.0,0.0,0.0,283.41434441690996,1116.4371697605952,2.3088986648323
80.0,29007.412936859768,9.0,5.0,43.91808219753564,13452.309019697934,4.879786910837293,2690.461803939587,465268.21027689066,482.6352501849683,2231.3394566815205,3041.5693301332776,0.0,1.0,0.0,0.0,0.0,964.0162215639621,14788.142590677555,1856.5819042293251
80.0,139802.66766767355,12.0,3.0,821.3799437900025,415.9883555909804,68.44832864916687,138.66278519699347,8850.820374346109,107.29408995010499,9985.904833405253,12381.024440233343,1.0,1.0,1.0,0.0,0.0,82.4912199587322,910.2319733547806,19928.871181885745
443.0,583530.3413874063,2.0,25.0,100.60177669438109,33923.38606000473,50.30088834719054,1356.935442400189,58307.14433083875,46.2700875772879,22443.4746687464,656254.4390701993,1.0,1.0,1.0,0.0,0.0,1260.1476976555225,1060.1520056937964,59429855.575303674
80.0,9323072.813060325,6.0,6.0,47.26717215685866,54.583610443320765,7.877862026143111,9.097268407220128,10.924593708793166,1.2871292802936896,847552.0739145749,2349922.491227987,1.0,1.0,0.0,1.0,1.0,8.487565216681618,29200.0,6012144.9015383
80.0,7215245.363480102,6.0,1.0,368.9118667002234,22.33884340994099,61.4853111167039,22.33884340994099,54.22555857774099,0.9701679772985178,1202540.8939133503,1593506.8202237722,0.0,1.0,0.0,0.0,0.0,55.89295858716634,29200.0,19157805.7939295
22.0,1593559.6541232849,23.0,15.0,578.7537758674271,891.8605885789875,25.163207646409873,59.4573725719325,922.8486430622454,23.845985245469922,43069.17984116986,53148.99298045901,0.0,0.0,1.0,1.0,1.0,38.70037801174775,4442.116298940222,989.9171311656077
53.0,6826749.923200099,3.0,2.0,2065.4058494462383,558.2311684128857,688.4686164820795,279.11558420644286,384.31714174016076,0.7324129426519561,1706687.4808000247,3217864.313467585,0.0,1.0,1.0,0.0,1.0,524.7274035718249,55830.85966924144,3506.432636541163
24098.0,8164.848101129373,2.0,0.0,1.5376877024616837,0.0,0.7688438512308419,0.0,188.3302277538989,244.95250557366245,8164.848101129373,8319.572283502395,1.0,0.0,0.0,1.0,0.0,0.7688438512308419,29200.0,76.02542781257348
443.0,21032.485829718735,3.0,2.0,66.28925796745798,115.06587032088939,22.096419322485996,57.532935160444694,8622.619777643878,237.7274869209725,5258.121457429684,8000.807387278944,0.0,1.0,0.0,0.0,0.0,36.271025657669476,63179.95779196519,5371.25499441549
8443.0,1428724.6008413997,30.0,76.0,1017.2144860699227,220846.03752931915,33.90714953566409,2905.8689148594626,155287.6263800106,74.19204508522834,13606.900960394283,52521.01947265388,0.0,1.0,0.0,0.0,0.0,2093.0495473149913,19981.074725046954,342176.7213119059
80.0,39967.81864888128,10.0,4.0,678.7357111280651,1462.7629640309317,67.8735711128065,365.6907410077329,53580.57426081067,350.28181355080955,3074.447588375483,3878.709238454069,0.0,1.0,1.0,0.0,0.0,152.96419108278548,17340.58313465279,6161.655040632086
21.0,344753.2107447555,19.0,17.0,732.209009365522,564.2810101664286,38.53731628239589,33.19300059802521,3760.6321830366687,104.42252277282857,9850.091735564443,24426.263824459995,0.0,1.0,1.0,0.0,0.0,36.01361165366529,2638.4454911840494,16679.73410770897
53.0,16814.70457757197,21.0,7.0,1344.7544683309475,271.3017290499358,64.03592706337845,38.75738986427654,96109.69909851611,1665.2091549290353,622.7668362063692,844.5399486336304,1.0,0.0,0.0,0.0,0.0,57.71629276360297,656.9268071178292,1839.9508806003546
53.0,1141.6690988757848,2.0,4.0,648.0599151248869,201.98614696925688,324.0299575624434,50.49653674231422,744564.3075836897,5255.463256304538,228.33381977515697,1475.9306373286386,0.0,1.0,0.0,0.0,1.0,141.6743436823573,13981.34647307711,4878.683344552992
59410.0,2551.77052657901,2.0,0.0,4.220656967860921,0.0,2.1103284839304606,0.0,1654.0111753384333,783.7695353748237,2551.77052657901,2177.997840912032,1.0,1.0,0.0,1.0,0.0,2.1103284839304606,29200.0,15.163979150856857
43120.0,570855.9499787362,6.0,9.0,428.94000418433745,819.2347374519749,71.49000069738958,91.02608193910832,2186.496859116219,26.276331184003134,40775.42499848116,143424.40675626235,0.0,0.0,1.0,0.0,1.0,83.21164944242082,5141.962271535408,1357328.6683388026
443.0,9626752.690902475,28.0,66.0,3844.891899537181,70955.58497681956,137.3175678406136,1075.0846208609025,7770.063205949508,9.76445568076475,103513.46979465027,322606.8411365503,0.0,1.0,0.0,1.0,0.0,795.7497540037951,12744.680783246431,19216608.22639211
53.0,59499.42050288431,7.0,41.0,4942.1285137833875,2389.6919454234844,706.0183591119124,58.28516940057279,123225.07340809231,806.7305461852882,1265.9451170826449,9033.530943154532,0.0,1.0,0.0,0.0,1.0,152.74625956680984,21377.41864276547,6237.171029322434
3389.0,2097.3356180293576,4.0,2.0,72.45928081389802,136.65386731859215,18.114820203474505,68.32693365929607,99704.1896084192,2860.772471712257,419.4671236058715,706.2572092582063,1.0,1.0,1.0,0.0,0.0,34.85219135541502,10615.711580253335,131979.18516320176
21.0,208194.22410962533,13.0,21.0,700.7235826619398,1861.7485849116772,53.901814050918446,88.65469451960368,12308.084811345867,163.3090454137536,6308.915882109858,20870.34288796522,0.0,1.0,1.0,0.0,1.0,75.36682845804755,6448.178645836919,23709.70334689509
80.0,46512299.64681286,4.0,1.0,39.22355917441825,0.9328986817237558,9.805889793604562,0.9328986817237558,0.8633513750355627,0.10749844746372612,11628074.911703216,19425860.050930236,0.0,0.0,0.0,1.0,1.0,8.031291571228401,29200.0,5204587.113922938
443.0,74219.5309203433,5.0,35.0,1117.5956819149674,39422.46774885029,223.51913638299345,1126.3562213957227,546218.2653010191,538.9416977443622,1903.0648953934178,20010.21754368776,0.0,1.0,1.0,0.0,1.0,1013.5015857691315,2407.436309195459,760786.7191246077
443.0,487276.0087147543,9.0,8.0,3943.036752958951,5860.168772725676,438.1151947732168,732.5210965907095,20118.383319428536,34.88782475632122,30454.750544672144,67296.5614488237,0.0,1.0,1.0,0.0,1.0,576.6591485696839,65535.0,824192.605176975
53.0,1914.985751827503,8.0,9.0,403.6502053252659,2728.428651341509,50.45627566565824,303.15873903794545,1635562.4858711245,8877.350645442983,119.68660948921894,231.53797607266614,0.0,0.0,0.0,0.0,1.0,184.23993274510443,2489.3658212987993,518590.63089000474
5253.0,4882.859634506596,1.0,1.0,4.225338120596394,3.498093331763201,4.225338120596394,3.498093331763201,1581.7434926408719,409.59604610917637,4882.859634506596,5158.858966703969,1.0,1.0,0.0,1.0,0.0,3.8617157261797974,1024.0,3.174664600486185
443.0,3910300.7760378686,6.0,7.0,2829.141135280105,4711.906465498103,471.52352254668415,673.1294950711576,1928.5083252391678,3.3245524435520055,325858.3980031557,598145.7385607531,0.0,1.0,1.0,0.0,1.0,580.0805846752468,43813.20396482567,442761.52950791887
31318.0,1936.3243119357098,3.0,1.0,12.51444711292025,2.5227188311615847,4.171482370973417,2.5227188311615847,7765.83026479146,2065.769651986278,645.4414373119033,765.2245896196282,1.0,0.0,0.0,1.0,0.0,3.7592914860204587,29200.0,21.653972563871456
6667.0,2527064.0363878156,18.0,4.0,2736.6204326433253,336.27865323487754,152.03446848018473,84.06966330871938,1215.9957332425195,8.705754853544112,120336.38268513407,138789.22003154192,0.0,1.0,1.0,0.0,0.0,139.67723117628194,3730.579103632878,4539215.013930113
25.0,12441.831768355312,3.0,13.0,361.7443372121593,299.78036751566174,120.58144573738643,23.060028270435517,53169.397966813056,1285.9842744936136,829.4554512236875,7664.881742806195,1.0,1.0,1.0,0.0,0.0,41.345294045488814,8771.634805195114,90.87354538035841
8080.0,207405.49730755144,10.0,14.0,732.4565969417786,35377.65053438374,73.24565969417786,2526.9750381702675,174103.90563457253,115.7153513844022,9017.630317719628,17033.174511475576,0.0,1.0,1.0,0.0,1.0,1504.5877971385635,41676.94910010523,7222.284146142271
443.0,25215.872788311728,12.0,3.0,301.9223198806186,209.32828450890312,25.160193323384885,69.77609483630104,20274.951760801272,594.8634071057388,1801.1337705936949,2230.028314438006,1.0,0.0,0.0,1.0,0.0,34.083373625968115,5630.261591908158,6654.255378123522
445.0,80550.75429727025,15.0,3.0,767.8028611311422,196.7841411082534,51.18685740874281,65.59471370275114,11974.897201826501,223.4615945813681,4738.279664545309,5845.91095546291,1.0,0.0,0.0,0.0,0.0,53.58816679107753,9189.740617937368,169619.6956764807
443.0,253413.93939462956,15.0,18.0,5809.304915631022,3946.860885901293,387.28699437540143,219.2700492167385,38498.931135510655,130.2217237095654,7919.185606082174,18091.666484953636,0.0,1.0,1.0,0.0,0.0,295.6413879252217,26522.742130377992,905.0425074781446
50540.0,7056.492076771704,2.0,1.0,17.341290571437714,1.812708293225129,8.670645285718857,1.812708293225129,2714.379702588097,425.14041925665697,3528.246038385852,6968.432152464984,1.0,0.0,0.0,1.0,0.0,6.384666288220948,1024.0,12.656813245613986
80.0,6263.536256586658,10.0,5.0,3174.845047923113,221.63660482673413,317.48450479231127,44.32732096534683,542262.6314612848,2394.813310807642,447.395446899047,902.9948748405428,0.0,1.0,0.0,0.0,0.0,226.43211018332312,5177.546751387256,3588.836770155477
22.0,1086374.5681081729,14.0,15.0,618.3620969521788,1789.5389701776598,44.16872121086992,119.30259801184398,2216.4556662284444,26.694292052971182,38799.09171814903,78755.14948267386,1.0,1.0,1.0,0.0,1.0,83.03107128033926,2359.8511651360163,13422.434772961298
443.0,213.47841276210855,15.0,3.0,380.79043117419087,161.4912007585446,25.386028744946056,53.83040025284821,2540217.6497210125,84317.65894783211,12.557553691888739,12.717311246979712,1.0,1.0,1.0,0.0,1.0,30.12675732959642,17126.10865287377,40790.05978880856
443.0,435949.2467149684,4.0,74.0,177.20378548181358,32007.42065962348,44.300946370453396,432.5327116165335,73826.53987276685,178.91991003025595,5661.678528765823,140872.01223825986,1.0,1.0,0.0,0.0,0.0,412.6233903218627,20603.444242870453,5594.693351621727
22.0,1338067.6907796077,14.0,20.0,521.4919938065111,799.7343737961016,37.24942812903651,39.98671868980508,987.4136986543764,25.409775779123958,40547.505781200234,100185.04008982643,1.0,1.0,1.0,0.0,1.0,38.85959904713567,1895.5245032984417,2652.8581097489887
22.0,216244.272690881,14.0,13.0,555.1854359999859,591.11701301839,39.65610257142757,45.47053946295308,5300.960967678454,124.85879817310227,8317.087411187731,15334.407361852951,0.0,1.0,1.0,0.0,0.0,42.45564625993985,3619.3637516183,1128.000786646637
443.0,156981.81416775766,15.0,4.0,1943.6694786421217,996.3226439678641,129.57796524280812,249.08066099196603,18728.23382884454,121.03312795006794,8721.21189820876,8963.280048604034,0.0,1.0,1.0,0.0,0.0,154.73642750578873,18704.005959849717,674.9758559839935
26314.0,2842.3186568241076,1.0,0.0,1.6009148123339307,0.0,1.6009148123339307,0.0,563.2425514606897,351.8254357579174,2842.3186568241076,2282.654334905616,1.0,0.0,0.0,1.0,0.0,1.6009148123339307,1024.0,51.543271265551745
443.0,47749.12460514949,9.0,5.0,493.0238548353808,3634.140228588856,54.780428315042315,726.8280457177713,86434.34026388715,293.1990924602244,3673.009585011499,5589.283196736512,0.0,1.0,0.0,0.0,0.0,294.79743453030267,42176.883571133185,130503.94054279146
22.0,304625.93200612324,2.0,9.0,1291.1162785420065,15629.367117408494,645.5581392710033,1736.5963463787216,55545.11818649236,36.10986079733649,30462.593200612326,379629.6659738739,0.0,1.0,1.0,0.0,0.0,1538.2257632682274,4444.648426235228,45389.033935386935
445.0,125810.2159013639,3.0,4.0,1531.3701290103065,6048.14775465342,510.45670967010216,1512.036938663355,60245.647218395374,55.63936084084022,20968.369316893983,81398.34400956394,0.0,1.0,0.0,0.0,1.0,1082.788269094818,7499.758256773111,6327.933425028437
80.0,80268292.80709305,6.0,0.0,162.30523690826942,0.0,27.0508728180449,0.0,2.0220342458053007,0.07474931620159984,16053658.561418612,17558513.802839853,0.0,1.0,0.0,0.0,0.0,27.050872818044905,29200.0,15609064.64010466
443.0,154355.92610991534,6.0,8.0,1325.1345340656903,5662.6168892993155,220.85575567761506,707.8271111624144,45270.37995540966,90.6994655328668,11873.532777685796,35965.08289078371,0.0,1.0,1.0,0.0,1.0,499.12510166892895,12702.626951883462,7020.91992856193
80.0,26945.40238977668,7.0,26.0,304.83379940650013,3639.1822788637764,43.54768562950002,139.96854918706833,146370.65059257273,1224.6987268047067,842.0438246805212,3329.4582663937495,1.0,0.0,1.0,0.0,0.0,119.51563873546293,1240.866611291222,25164.26722071911
8888.0,616027.2283133549,8.0,11.0,533.1311548446558,6531.374074590114,66.64139435558198,593.7612795081922,11467.845745677436,30.84279253698062,34223.7349062975,96301.54922379785,0.0,0.0,1.0,0.0,0.0,371.8160647070931,6658.698421557581,6707374.50587959
53.0,2089.3490239423113,2.0,8.0,79.59595314427456,291.5448107088934,39.79797657213728,36.443101338611676,177634.6410294231,4786.179755228923,232.1498915491457,1559.8084414341383,0.0,1.0,0.0,0.0,0.0,37.1140763853168,65535.0,2213.8749077485177
8000.0,776048.514370462,7.0,4.0,1023.8216468870916,4117.892989495151,146.2602352695845,1029.4732473737877,6625.506706308496,14.174371571245523,77604.8514370462,111255.86043695203,0.0,1.0,1.0,0.0,0.0,467.4286033074766,15833.393754006162,1736.1579495952458
53.0,1763.1690544947419,5.0,2.0,649.601035401156,809.847937114025,129.9202070802312,404.9239685570125,827741.9393192584,3970.1241251684387,293.86150908245696,498.4097789001116,0.0,1.0,1.0,0.0,0.0,208.49271035931156,25708.328031130128,443188.0128572796
21.0,314648.5938338308,27.0,26.0,1195.822022109992,2865.6293276990837,44.289704522592295,110.21651260381091,12907.896076452736,168.44187782383622,6050.934496804438,14771.056330731864,0.0,1.0,0.0,1.0,0.0,76.63115754356747,5369.433299882269,1277.184084325032
64013.0,279423.5628466212,6.0,12.0,313.15464333491127,727.9725016640956,52.19244055581854,60.664375138674636,3725.9819264794546,64.41833257233358,16436.680167448307,68438.53180802931,0.0,1.0,1.0,0.0,1.0,57.84039694438926,4015.1872644345194,7170018.739734237
56835.0,8705.754817361769,3.0,0.0,20.876171643162944,0.0,6.958723881054315,0.0,2397.973763461599,344.5996427578159,4352.877408680884,4944.694478293602,1.0,0.0,0.0,0.0,0.0,6.958723881054315,29200.0,1768.6751852189523
22.0,219862.51177075264,23.0,22.0,1070.1647807895292,639.7736736745236,46.52890351258823,29.080621530660164,7777.307921629587,204.67336444750904,4996.875267517105,8556.405835320389,0.0,1.0,1.0,1.0,0.0,37.9986323214234,4450.209208044155,14983.096348812684
443.0,8747.100759793355,23.0,17.0,396.61908169545626,328.01043390808155,17.244307899802447,19.294731406357737,82842.25087863933,4572.943778567491,224.28463486649628,487.3868920598217,0.0,0.0,1.0,0.0,0.0,18.115737890088447,5863.320212403919,87116.01948692957
80.0,5834.419525124651,1.0,0.0,3.5409997797658854,0.0,3.5409997797658854,0.0,606.9155233896611,171.39665663288676,5834.419525124651,6751.518105539555,0.0,0.0,0.0,0.0,0.0,3.5409997797658854,14600.0,127.8121384461079
8080.0,80624.66515701759,7.0,5.0,256.9471199216943,893.8727765215419,36.7067314173849,178.7745553043084,14273.79443005437,148.8378274394051,7329.515014274326,12245.031152952082,0.0,1.0,1.0,0.0,0.0,95.90165803693635,6459.204753182913,2660444.005990436
80.0,7086.2831146200215,24.0,4.0,1433.6904560089208,722.1178353138637,59.73710233370503,180.52945882846592,304222.7154140994,3951.2957000309475,262.4549301711119,246.2869674985113,1.0,1.0,0.0,0.0,0.0,76.99315326152802,10565.864935003287,7454776.12073177
8888.0,1354688.0811076725,8.0,6.0,726.6748392049976,1742.6995248135072,90.8343549006247,290.4499208022512,1822.8361188498827,10.334482302784252,104206.77546982096,210028.55974364924,0.0,1.0,1.0,0.0,0.0,176.38388314417892,1468.7554111081413,13292700.284449872
443.0,30065.761596712862,15.0,8.0,806.1452434098153,4609.681070823727,53.74301622732102,576.2101338529659,180132.68337848005,764.989768378747,1366.625527123312,1610.427200988301,0.0,1.0,0.0,0.0,0.0,235.47070931450185,46477.58740396298,63012.565754464085
80.0,303028.1824014778,4.0,8.0,317.65565848915764,799.202050902124,79.41391462228941,99.9002563627655,3685.65623349043,39.60027712571422,27548.01658195253,78941.98325659172,0.0,0.0,1.0,0.0,1.0,93.07147578260681,5096.585847687521,75452.22167613507
443.0,7148933.936791352,19.0,48.0,16115.979993085504,2355.748766464234,848.2094733202897,49.078099301338206,2583.8438182351406,9.372026737467872,108317.18086047503,302866.1326297395,0.0,1.0,0.0,0.0,0.0,275.69744417238417,2922.081409525962,235456.37472715502
47009.0,1088958.0115970604,6.0,7.0,1494.9838360996443,1149.0679621740337,249.16397268327407,164.15256602486195,2428.056702017303,11.93801768438644,90746.50096642169,174236.43130457046,0.0,1.0,1.0,0.0,1.0,203.388599867206,1800.2972300373538,1341413.1159724635
8080.0,1734949.0924159363,12.0,8.0,2310.1471400539313,594.0481476423598,192.51226167116093,74.25601845529498,1673.936889786297,11.527715762627809,91313.11012715455,134663.7367286711,0.0,1.0,1.0,0.0,0.0,145.20976438481455,5826.6839171017855,1744124.6751914371
53.0,1797.2979263986995,8.0,6.0,270.3872778337805,1505.2458936313503,33.79840972922256,250.87431560522506,987945.9300456775,7789.470957690484,138.2536866460538,302.87315090388614,1.0,0.0,1.0,0.0,0.0,126.83094081893792,14411.747394883785,253858.89328694413
25.0,164080.9756939736,3.0,9.0,111.55346880753399,797.5603436690016,37.18448960251133,88.6178159632224,5540.641190311532,73.13462117863759,14916.452335815782,66819.3241635152,0.0,1.0,1.0,0.0,0.0,75.75948437304463,2469.373016868701,9575.33934831697
4444.0,154427.3284935692,6.0,7.0,1077.4379358258575,1423.731369953608,179.5729893043096,203.39019570765828,16196.416334972871,84.18199114634919,12868.944041130766,22005.80492226641,0.0,1.0,1.0,0.0,0.0,192.39763890611272,8807.670027651431,1818672.6114177722
53.0,77137.73515353451,8.0,13.0,6220.262005982407,213.6534491197921,777.5327507478008,16.43488070152247,83408.14573173778,272.2402979320267,3856.886757676725,10645.736323927807,0.0,1.0,0.0,0.0,1.0,306.37692643343803,3508.117115203079,47224.17284005616
22.0,248362.49319099056,27.0,16.0,682.5385042188294,1022.461388708097,25.279203859956645,63.903836794256065,6864.965281274507,173.13403262920636,5913.392695023585,7455.212771865346,1.0,1.0,0.0,0.0,1.0,39.651160300626195,4500.334807135373,2851.9466473004445
445.0,15526.543373883067,2.0,0.0,2.7918364669841957,0.0,1.3959182334920979,0.0,179.81056051923935,128.8116712032741,15526.543373883067,18486.409827675827,1.0,0.0,0.0,0.0,0.0,1.3959182334920979,5840.0,148.7887713446113
22.0,525669.5322504414,18.0,16.0,312.13775820897376,938.4591188905081,17.34098656716521,58.653694930656755,2379.0552816435024,64.67941912943435,15929.379765164891,39610.55289000268,0.0,0.0,1.0,0.0,1.0,36.78226109116123,7489.489146090395,38207.10908160099
443.0,1125968.591864052,16.0,7.0,15148.780188149758,721.9222806284428,946.7987617593599,103.13175437549182,14095.15556957419,20.42685752177445,51180.39053927509,68044.44288297994,0.0,1.0,1.0,0.0,0.0,690.0305421207913,12930.196821387022,5290.681143524692
443.0,6896573.963873413,5.0,1.0,64.75670159172516,4.347504510099289,12.951340318345032,4.347504510099289,10.02007757240271,0.8699971944664161,1379314.7927746826,2200798.302961411,0.0,0.0,0.0,1.0,0.0,11.517367683637408,29200.0,5907770.274888639
21.0,388884.4265783557,10.0,18.0,1122.7526931689479,728.4258366991795,112.27526931689479,40.468102038843305,4760.227983814972,72.00082617440152,14403.126910309471,51410.41017640055,0.0,1.0,1.0,0.0,0.0,66.11351892386169,5953.081197717048,39095.38575822734
443.0,6337206.387271684,3.0,28.0,205.34990162274607,1244.6848392625814,68.44996720758202,44.45302997366362,228.81292674919519,4.891745369420772,211240.21290905614,3500829.0378788295,1.0,1.0,0.0,0.0,0.0,46.77531422210733,133.21269708038184,152910.4446320252
443.0,303922.60293794464,14.0,5.0,1283.802790021743,252.07541927642313,91.70019928726737,50.41508385528463,5053.517554966993,62.515916277143255,16884.589052108036,21661.0815085479,0.0,1.0,1.0,0.0,0.0,80.83569522621927,2740.66413792934,6751752.792642038
80.0,85141913.40213081,5.0,3.0,52.07471201737725,2.4101118030716058,10.41494240347545,0.8033706010238686,0.6399295205301939,0.09396077302392158,12163130.486018687,22542129.006936584,0.0,1.0,0.0,0.0,1.0,6.810602977556107,29200.0,4534445.011748002
34333.0,2859.5524745736357,1.0,1.0,23.017421297465106,0.7551861584686642,23.017421297465106,0.7551861584686642,8313.40136868036,699.4101411963785,2859.5524745736357,3585.516718191868,1.0,0.0,0.0,1.0,0.0,11.886303727966885,2048.0,0.4459182529699866
21.0,778015.8168066315,13.0,20.0,346.3431952971972,302.63473465118255,26.641784253630554,15.131736732559128,834.1449054494957,42.41559012957938,24312.994275207235,76597.034181534,0.0,1.0,1.0,0.0,1.0,19.66599787722363,26949.80388453921,15296.879735341436
443.0,729.5725710019228,4.0,9.0,128.06289767453458,4195.43079903832,32.015724418633646,466.15897767092446,5926063.929151554,17818.652340708322,60.79771425016023,193.9685310374615,0.0,1.0,0.0,0.0,0.0,332.57643820868117,1966.55398770874,1879.5703178284607
21.0,479332.96189625066,16.0,18.0,354.9628275573318,187.1899357887683,22.18517672233324,10.399440877153795,1131.0567109788005,70.93190475675891,14525.241269583354,30976.73234806801,1.0,1.0,1.0,0.0,0.0,15.945669510179414,7771.1386608288885,1241.8580441139638
61685.0,1103.6313531239662,3.0,0.0,14.367385618873698,0.0,4.789128539624566,0.0,13018.283304660583,2718.2989967692797,551.8156765619831,405.2850853953622,1.0,1.0,0.0,0.0,0.0,4.789128539624566,1024.0,207.68049256016795
80.0,7135.168957009752,13.0,4.0,55.48073263643956,2850.1488500743776,4.267748664341505,712.5372125185944,407226.4581564337,2382.564463774724,445.9480598131095,638.458297470513,1.0,0.0,0.0,0.0,0.0,170.91938721828336,1066.630597118167,1163.2762852572703
80.0,1578.1863660978534,3.0,12.0,191.97814120093219,5335.994629553103,63.99271373364406,444.6662191294252,3502737.6294107973,9504.58090516158,112.7275975784181,839.9723666662567,0.0,1.0,0.0,0.0,0.0,368.531518050269,4510.232713422602,3345901.996365318
443.0,23150.573204297245,20.0,4.0,331.542137022814,3682.799556835088,16.5771068511407,920.699889208772,173401.39522388816,1036.6913936949554,1006.546661056402,1366.974256999168,0.0,1.0,1.0,0.0,0.0,167.26423724407925,3380.774701766773,51077.04749640791
80.0,16909684.872589305,7.0,1.0,567.2290994103739,29.96864518194512,81.03272848719627,29.96864518194512,35.31690561308922,0.47310166098766543,2415669.267512758,3467622.3225424523,1.0,1.0,0.0,0.0,1.0,74.64971807403988,29200.0,10882663.2853852
443.0,1028262.7854289024,48.0,69.0,6170.4834495356445,118578.42860561928,128.55173853199258,1718.5279508060764,121320.06897742629,113.78414317619956,8864.33435714571,26877.791761739994,0.0,1.0,1.0,0.0,1.0,1066.2300175654268,32961.93508402761,4275104.077157659
443.0,337702.6126881554,8.0,10.0,983.7983975959826,16822.23075150025,122.97479969949782,1682.2230751500251,52726.951110499256,53.301334735665,19864.859569891494,58262.5654550349,0.0,1.0,1.0,0.0,0.0,989.2238416164574,28386.721790240164,3521.8572166616955
80.0,14403.148693072817,16.0,61.0,277.27975788781436,795620.775497469,17.329984867988397,13042.963532745394,55258615.47469432,5346.053258273525,189.51511438253706,942.0020621043643,1.0,1.0,0.0,0.0,0.0,10336.3383799397,38986.399693288695,221510.01381786863
12114.0,10194.731741748283,2.0,1.0,8.557421229403221,0.15501375658324196,4.278710614701611,0.15501375658324196,854.6016910193243,294.2696361214438,5097.365870874141,11494.315730928174,1.0,0.0,0.0,1.0,0.0,2.904144995328821,1024.0,664.7306840404095
80.0,25422350.19703869,8.0,2.0,70.5092633492529,27.669828412422415,8.813657918656613,13.834914206211208,3.8619203575093404,0.3933546632193291,2824705.5774487434,3503035.89657037,0.0,0.0,0.0,0.0,0.0,9.817909176167532,29200.0,12089633.830385197
3389.0,5248.753072346954,2.0,1.0,3.7866030822936287,4.922376282567918,1.8933015411468144,4.922376282567918,1659.2473002292277,571.5643236877527,2624.376536173477,4100.572772364298,1.0,0.0,0.0,0.0,0.0,2.9029931216205154,29200.0,75.94476560786386
8080.0,11851.025335567012,34.0,9.0,224.04834772634632,2158.7275383670326,6.589657286069009,239.85861537411475,201060.7368243699,3628.3780333292707,282.16726989445266,289.24390995623554,0.0,0.0,0.0,0.0,1.0,55.41339269984603,1708.9632628521515,5562.058169890038
80.0,9797499.837611979,5.0,3.0,40.57825545915233,27.556030790999465,8.115651091830467,9.185343596999822,6.954252347990721,0.8165348438474589,1399642.8339445684,2269862.957588783,1.0,0.0,1.0,1.0,0.0,8.516785781268975,29200.0,23190691.33073731
3389.0,662081.2354426098,16.0,16.0,290.000598915543,780.4974498981094,18.125037432221436,48.781090618631836,1616.8681296306647,48.33243760277784,21357.459207826123,51325.85460578155,0.0,1.0,0.0,0.0,0.0,33.453064025426634,17412.02152445827,28021.361062939053
443.0,33201.726277543894,5.0,6.0,168.95738660351884,1328.302502813879,33.79147732070377,221.38375046897985,45095.84462269588,331.30807440695907,3320.1726277543894,9904.77049836559,0.0,1.0,0.0,0.0,0.0,136.11453540158163,6338.985961757847,2596.8761671844627
443.0,26891788.30784152,7.0,2.0,34.139636339220246,18.822062607355495,4.877090905602892,9.411031303677747,1.9694375970947366,0.33467465595717344,3361473.53848019,5592628.896026391,0.0,1.0,1.0,1.0,0.0,5.884633216286193,29200.0,4728534.758126091
80.0,3718.895268581724,5.0,6.0,174.33354508966568,1064.245188845309,34.86670901793313,177.37419814088483,333050.1787449722,2957.8676476670644,371.8895268581724,858.8569615396259,1.0,1.0,0.0,0.0,0.0,112.59806672136133,2328.04194705122,2383.917297764178
4444.0,1939706.0588465484,12.0,7.0,2417.588103720965,1116.9513619828695,201.46567531008043,159.56448028326707,1822.2036527563657,9.79529857802187,107761.44771369714,127244.79275096144,0.0,1.0,0.0,0.0,0.0,186.02839293178076,3285.0108759241884,5115746.304414196
3389.0,6462.310954770191,1.0,0.0,1.503194927067136,0.0,1.503194927067136,0.0,232.60950108839074,154.74340479729537,6462.310954770191,7659.770721354963,1.0,0.0,0.0,0.0,0.0,1.503194927067136,1024.0,60.11459282583147
443.0,151941.54728961436,5.0,14.0,2015.981913686851,2238.8826637648094,403.1963827373702,159.92019026891495,28003.298988008217,125.04808815579769,8441.197071645242,27927.462193396193,1.0,1.0,1.0,0.0,1.0,223.94024091850847,61369.48471502669,778668.2621733709
3389.0,826999.2221026296,18.0,21.0,716.687040844431,738.7474546892106,39.8159467135795,35.17845022329574,1759.898264273124,47.15844822785111,21763.13742375341,41996.26395250743,0.0,1.0,1.0,0.0,1.0,37.31883321881132,7657.214849933426,34332.13173315763
6667.0,196621.12042214704,8.0,6.0,1269.1470792472992,1270.8574570388284,158.6433849059124,211.80957617313808,12918.26905895317,71.20293064113302,15124.701570934387,36289.799763982315,1.0,1.0,1.0,0.0,0.0,181.4288954490091,7529.665008251978,6855175.2666226905
443.0,629884.5093942655,7.0,18.0,76.23343430858401,1078.5014668581348,10.890490615512002,59.91674815878527,1833.2486097763872,39.68981555688914,26245.18789142773,115075.70025665502,0.0,1.0,0.0,0.0,0.0,46.189396046668755,65535.0,291091.89731286565
443.0,62000.22081554098,6.0,5.0,650.6894899533459,2732.3544217753342,108.44824832555764,546.4708843550668,54565.03004712986,177.4187229546566,6200.022081554098,9892.948463591432,1.0,1.0,0.0,0.0,1.0,307.5494465207891,27810.08776907257,42513.983788494865
445.0,14839.803384159166,2.0,18.0,77.32172148018209,1230.2628054887364,38.660860740091046,68.34793363826313,88113.33230767108,1347.7267509722612,781.0422833767982,17848.93726874976,1.0,0.0,1.0,0.0,0.0,65.37922634844593,5953.963412712708,34065.792440089266
80.0,100777.79659187545,7.0,9.0,998.2519381875879,12365.024952645937,142.607419741084,1373.891661405104,132601.39974037546,158.76513022799998,6718.519772791697,18493.990541245596,1.0,1.0,1.0,0.0,0.0,835.2048056770954,12576.006305988401,6147.81861152065
8000.0,369567.13909396355,7.0,21.0,5259.454271955528,44203.43059854594,751.3506102793611,2104.925266597426,133840.0513415923,75.76431191540793,13687.671818294946,78500.56764591293,0.0,1.0,1.0,0.0,1.0,1766.5316025179095,34409.617576826975,347556.0445114701
50710.0,45482.34303142389,1.0,0.0,13.1462141035955,0.0,13.1462141035955,0.0,289.03994885471803,21.986554195528075,45482.34303142389,58171.05197531219,1.0,1.0,0.0,0.0,0.0,13.1462141035955,2048.0,219.03953794164767
443.0,94141.32929745525,6.0,20.0,339.83566965167256,6198.06011956649,56.63927827527876,309.90300597832453,69447.66807531036,276.1805064155049,3765.6531718982096,13450.137296697374,0.0,1.0,0.0,0.0,0.0,251.4575303545447,774.349305679998,22789.428697715382
80.0,57937935.91991906,5.0,1.0,215.515130076673,11.17980316013698,43.1030260153346,11.17980316013698,3.912720217547002,0.10355909137483099,11587587.183983812,14278563.596754428,0.0,0.0,0.0,0.0,0.0,37.78248887280166,29200.0,1403284.6679854458
443.0,19520461.41966768,4.0,2.0,132.47313727833784,44.2972520953186,33.11828431958446,22.1486260476593,9.055646051253321,0.30736978348036126,3904092.283933536,7769228.651353954,1.0,0.0,0.0,0.0,1.0,29.46173156227607,29200.0,23627329.290888462
42191.0,2525617.428342101,5.0,5.0,340.1780228519499,903.9904562899769,68.03560457038998,180.7980912579954,492.61953341787006,3.9594278562467515,280624.1587046779,538518.6417968374,0.0,1.0,0.0,0.0,0.0,124.41684791419269,5013.0867778191705,3410340.423573431
8080.0,96324.7909926811,18.0,4.0,275.28268742017866,2449.2011092401412,15.293482634454369,612.3002773100353,28284.346828921025,228.39395521420434,4586.89480917529,6944.470417535086,1.0,1.0,1.0,0.0,0.0,123.84017257546908,4987.143853419858,882.8009546490176
445.0,23425488.296620846,17.0,38.0,359.3618331064064,33969.37055246824,21.138931359200374,893.930804012322,1465.443620679045,2.347869948475474,433805.338826312,1790281.0765970726,0.0,1.0,1.0,0.0,0.0,624.1587706468117,35273.80251346034,74864.65116905258
23.0,398284.24995478964,16.0,23.0,132.33887861033185,655.1133042089674,8.27117991314574,28.48318713952032,1977.1110278869553,97.92001567831767,10481.164472494464,31861.618036933276,0.0,1.0,1.0,0.0,0.0,20.19108161075126,7580.901259259076,575.6089719885804
53.0,309183.5167972718,3.0,16.0,1574.8365814589306,508.84339202425207,524.9455271529769,31.802712001515754,6739.298378734169,61.45217635407805,17176.862044292877,133900.0264338182,0.0,1.0,0.0,0.0,0.0,109.66736702543066,65535.0,1305.0530524887247
443.0,3691.418448813326,10.0,2.0,500.65749278112935,1547.1430305768272,50.06574927811293,773.5715152884136,554746.2450419998,3250.782908087166,335.583495346666,385.75309788468473,0.0,1.0,1.0,0.0,1.0,170.65004361316304,60604.28811672389,1369.957566260063
26156.0,24105.060319636676,1.0,0.0,10.282624239989596,0.0,10.282624239989596,0.0,426.5753374453527,41.48506524106771,24105.060319636676,22551.094156010226,1.0,0.0,0.0,0.0,0.0,10.282624239989596,29200.0,39.891880974813105
8000.0,2206652.8885855465,9.0,12.0,2314.6317833862886,5500.707405842275,257.18130926514317,458.3922838201896,3541.71661055317,9.516675734832448,110332.64442927732,200143.51942278686,0.0,1.0,1.0,0.0,0.0,372.159009010884,13137.418323024729,1784.4514062467974
80.0,5592047.510415463,5.0,0.0,34.01931449100752,0.0,6.803862898201504,0.0,6.083516713269134,0.8941268811982114,1398011.8776038657,1348136.279373519,1.0,1.0,0.0,0.0,0.0,6.803862898201504,29200.0,38844377.880513534
80.0,11202071.43617302,3.0,31.0,514.0030739913745,132.8405550589938,171.33435799712484,4.285179195451413,57.74321586288246,3.035152935216013,339456.7101870612,5103939.144061151,0.0,1.0,0.0,0.0,0.0,19.024812619128483,2110.915311252084,163507.81934228292
8888.0,706856.2295004261,8.0,6.0,487.5507426471913,106.25951462717724,60.943842830898916,17.70991910452954,840.0721851090522,19.806007807124463,54373.55611541739,73251.1915387837,0.0,1.0,1.0,0.0,0.0,42.41501837674061,1659.1815826041313,4855427.1353510665
80.0,16510.42860669027,16.0,3.0,3568.1370317981023,396.84607382584807,223.0085644873814,132.282024608616,240150.22263063965,1150.7878113049662,917.2460337050151,1407.2081842150853,0.0,0.0,0.0,0.0,0.0,208.68332134862897,3487.4819809663622,3681012.7872806448
443.0,405082.6562771317,5.0,13.0,753.4423819306163,385.2823824016303,150.68847638612326,29.637106338586946,2811.0923701290335,44.435375647595116,23828.391545713628,117346.56994690088,0.0,1.0,0.0,0.0,1.0,63.26248690734704,65535.0,1500.7960985829768
53.0,1312.1464418605055,12.0,7.0,7131.0081577553565,5218.108876684221,594.2506798129464,745.4441252406031,9411386.29079361,14480.091088811481,72.89702454780587,121.80989540022962,0.0,1.0,0.0,0.0,1.0,649.9535281283988,2395.8449853778807,65488.16885760296
80.0,14033.250757084214,11.0,4.0,1302.9261020779002,192.34352520120873,118.44782746162728,48.085881300302184,106551.90683628825,1068.8899001129696,1002.3750540774438,1670.6486674876448,0.0,1.0,0.0,0.0,0.0,99.68464181860726,4358.74701657687,65664.77134300701
43926.0,497813.3315478191,7.0,6.0,853.0673705366332,831.3290893521255,121.86676721951903,138.55484822535425,3383.590500984722,26.114206221797904,41484.44429565159,85752.98818801991,0.0,1.0,1.0,0.0,0.0,129.56895845298143,19062.823707390697,2155293.77169245
9804.0,3422.1804784215506,1.0,1.0,0.619988204047514,0.5789481950631861,0.619988204047514,0.5789481950631861,350.34283161585284,584.4227131242598,3422.1804784215506,3806.5329241238337,1.0,0.0,0.0,0.0,0.0,0.59946819955535,2048.0,53.99232590517231
80.0,178804.49971748824,28.0,14.0,427.8622229323072,15275.644634848308,15.280793676153827,1091.1174739177363,87825.0093403254,234.8934174831179,4361.085358963128,7482.078259585458,0.0,0.0,0.0,0.0,0.0,373.89302042334793,32797.23269362787,666.057932643748
80.0,64844560.85559609,4.0,1.0,65.79191544081289,137.6980904896404,16.44797886020322,137.6980904896404,3.1381198861630057,0.07710746952446206,16211140.213899022,22628274.71576753,1.0,1.0,0.0,0.0,0.0,40.69800118609066,29200.0,1174760.754054216
42946.0,1189.4984181189932,3.0,0.0,3.529533165227179,0.0,1.1765110550757263,0.0,2967.2449424595175,2522.0714498671073,594.7492090594966,549.0109833504305,1.0,1.0,0.0,1.0,0.0,1.1765110550757263,2048.0,1552.1963016071227
443.0,57428.67011124895,7.0,7.0,649.499704725451,422.33972408445925,92.78567210363586,60.33424629777989,18663.838579816977,243.7806756256005,4417.590008557612,6814.712636206898,0.0,1.0,0.0,0.0,1.0,76.55995920070788,11077.666134914942,685.2323621235322
80.0,642113.1488400875,7.0,1.0,921.1386607821561,185.16584229783055,131.59123725459372,185.16584229783055,1722.9120834519806,12.45886338638477,91730.44983429821,131843.56878467833,0.0,1.0,0.0,0.0,1.0,138.28806288499834,6571.645309216592,851764.2867264099
50048.0,3172.3129479657077,2.0,1.0,31.556032263699777,0.6955304495518202,15.778016131849888,0.6955304495518202,10166.576640533962,945.6822353935144,1586.1564739828539,3118.6309395281673,1.0,0.0,0.0,1.0,0.0,10.750520904417199,5840.0,395.168284768397
443.0,12959784.772919198,7.0,2.0,354.0555454924164,19.163527018686693,50.579363641773774,9.581763509343347,28.79824619394781,0.6944559772941928,1619973.0966148998,2401437.2145371563,1.0,1.0,0.0,0.0,0.0,41.46878583456701,29200.0,12282937.747808395
443.0,59888.60819896904,20.0,5.0,3153.4780441716157,16999.39133958243,157.67390220858078,3399.8782679164865,336505.8896810524,417.4416596382075,2495.3586749570436,3279.083371614306,0.0,1.0,0.0,0.0,0.0,806.114775350162,45377.628128254095,5588.388149430573
8080.0,44088.29599080182,5.0,26.0,319.0630019060976,132421.6594980389,63.81260038121952,5093.140749924573,3010792.7629509387,703.1344556039897,1469.6098663600606,10580.49027720412,0.0,1.0,1.0,0.0,0.0,4281.958790320807,5587.994977861821,4364475.478974672
22.0,35186.44973968711,3.0,2.0,670.1816883405008,1916.3740154566071,223.39389611350026,958.1870077283036,73509.9938451508,142.10015608254037,8796.612434921777,12457.723471892263,1.0,1.0,0.0,0.0,0.0,517.3111407594216,11200.252527094004,23162.41202686161
21.0,460622.2260965501,15.0,16.0,2526.0536531123635,291.87959779395493,168.40357687415758,18.242474862122183,6117.66669356432,67.3002695998915,15354.074203218337,23135.318725546073,1.0,1.0,1.0,1.0,0.0,90.90107260988124,2276.710441527641,28393.237713512957
8080.0,14312.798630087902,31.0,4.0,572.7469705307276,1722.1774333591434,18.475708726797663,430.54435833978584,160340.71764731986,2445.3638246837436,420.96466559082063,526.7361397305126,1.0,0.0,1.0,0.0,0.0,65.56926868256774,3472.069689936684,3441.4076248092274
80.0,15273.864974733877,15.0,2.0,348.2448993509304,208.716564693303,23.216326623395357,104.3582823466515,36464.99854264539,1113.0123271432285,954.6165609208673,901.4685874327811,0.0,1.0,1.0,1.0,0.0,32.76243906142549,1233.4139917950451,226.67332281067786
22.0,192394.1658741985,4.0,2.0,285.7557298439416,540.9057358464322,71.4389324609854,270.4528679232161,4296.707553132906,31.18597683426244,38478.833174839696,68360.31917365348,0.0,1.0,1.0,1.0,0.0,137.77691094839562,57938.22986632733,1367869.7816596956
41033.0,14998.163509831049,3.0,0.0,16.830937810344988,0.0,5.610312603448329,0.0,1122.199914630387,200.02448953390524,7499.0817549155245,5934.282271962542,1.0,0.0,0.0,0.0,0.0,5.610312603448329,29200.0,470.87250658315855
443.0,1077385.2937757126,15.0,7.0,4099.157359685703,3379.62117466361,273.2771573123802,482.8030249519443,6941.60072311719,20.419807219477327,51304.061608367265,64271.71811172584,0.0,1.0,1.0,0.0,1.0,339.9444788340597,19275.302040762526,6988.5168698556945
58237.0,7340.2478276850325,1.0,1.0,4.28758182832986,2.225781032393838,4.28758182832986,2.225781032393838,887.3491758898666,272.4703643460986,7340.2478276850325,7733.638774521932,1.0,0.0,0.0,0.0,0.0,3.2566814303618488,2048.0,61.63899635115396
10371.0,18787.228507596694,2.0,1.0,7.746642931821624,2.528840184300798,3.873321465910812,2.528840184300798,546.9398060478951,159.68294625186135,9393.614253798347,14418.73299135482,1.0,0.0,0.0,1.0,0.0,3.425161038707474,1024.0,876.8896230738732
443.0,22295.09790441306,6.0,2.0,555.6152816868498,4434.042487348614,92.6025469478083,2217.021243674307,223800.66642577143,358.82327291401987,3185.013986344723,3610.484012061452,1.0,1.0,1.0,1.0,0.0,623.7072211294329,2112.860768296487,17427.27130052653
22.0,141589.3070176898,22.0,21.0,615.0551173703283,344.25490086795344,27.957050789560377,16.393090517521593,6775.299903956929,303.695250056049,3371.173976611662,5544.867140666606,0.0,1.0,1.0,0.0,1.0,22.309535307867016,8093.603515414892,2105.9506421937663
80.0,284389.9080457201,29.0,8.0,8960.67336051261,7983.044724980157,308.9887365694004,997.8805906225197,59579.181982677124,130.10306959996512,7899.719667936669,8886.447451877773,0.0,1.0,1.0,0.0,0.0,457.9383266349397,19939.770424421586,17735.491491020926
46158.0,14589.736288773545,1.0,1.0,5.264789655829859,0.7815329376668755,5.264789655829859,0.7815329376668755,414.42302135023755,137.08266965311446,14589.736288773545,13145.912188352884,1.0,0.0,0.0,1.0,0.0,3.023161296748367,2048.0,31.8983499578361
8888.0,369640.67115454254,17.0,8.0,1411.7489317029488,538.2820839541963,83.04405480605581,67.28526049427454,5275.477423970641,67.63325021003381,15401.694631439272,20840.444420080115,0.0,0.0,1.0,0.0,0.0,78.00124062628579,7256.100527745324,10649693.918562187
443.0,1298.0415577029555,14.0,6.0,442.7934527477094,4490.953780681166,31.628103767693528,748.4922967801942,3800916.237350481,15407.827184972772,68.31797672120818,70.76256168504857,1.0,1.0,0.0,1.0,0.0,246.68736167144374,10053.838218998852,2551.6637882254563
80.0,372760.9014588619,8.0,5.0,2503.453682451495,4180.797050631064,312.93171030643686,836.1594101262128,17931.73776252453,34.87490224731815,31063.40845490516,67679.17505080001,0.0,1.0,1.0,0.0,0.0,514.1731333140431,7201.287755354697,84353.91589017701
80.0,1289555.5511340972,12.0,30.0,13968.174252762721,1018.3958291862094,1164.01452106356,33.946527639540314,11621.500189556797,32.569360787182205,31452.57441790481,127552.50969244275,1.0,1.0,1.0,0.0,1.0,356.82309718926024,46971.15683430487,473134.3619280694
80.0,23765.316737611058,18.0,3.0,505.9536149355333,42.228106384769845,28.108534163085185,14.07603546158995,23066.45972248917,883.640652967412,1188.2658368805528,1752.4310188153559,0.0,0.0,0.0,1.0,0.0,26.103891491443008,4055.107741476715,11305.046862264806
443.0,3343172.6083505107,7.0,2.0,345.8229685516135,4887.101845527716,49.40328122165907,2443.550922763858,1565.2571455654527,2.6920536431532063,417896.57604381384,447602.0787940928,1.0,1.0,1.0,0.0,0.0,581.4360904532589,65535.0,285392.9048460908
443.0,700148.3133820714,8.0,2.0,902.842041835046,518.3177967827897,112.85525522938075,259.15889839139487,2029.7982748153931,14.282688123170546,77794.25704245239,94253.79522784088,1.0,1.0,0.0,0.0,0.0,142.11598386178358,25937.04732401442,90235.61793230908
443.0,3903.6533033335395,3.0,7.0,123.69253596994719,4193.403798886522,41.23084532331573,599.0576855552174,1105911.8214135123,2561.7029031395955,433.73925592594884,1916.4229296721808,0.0,1.0,0.0,0.0,0.0,431.7096334856469,24288.043263024312,7292.958819278338
443.0,142566.18174109346,10.0,16.0,671.0131210943922,328.4747043961838,67.10131210943922,20.52966902476149,7010.6936531813035,182.37144098603383,5702.647269643739,14572.199627242897,0.0,1.0,0.0,0.0,1.0,38.441839441945234,26066.008468910648,14705.340376568633
443.0,16688808.165308967,13.0,46.0,2675.6099880523825,27544.3631965358,205.81615292710634,598.7905042725174,1810.7927711342777,3.5353033850939295,287738.07181567186,1096055.940515089,0.0,1.0,0.0,0.0,0.0,512.2029353320031,24976.825960535643,3048143.149872084
7211.0,489.95264135225943,2.0,0.0,14.500375883578842,0.0,7.250187941789421,0.0,29595.464254582024,4082.027182219163,489.95264135225943,423.00369915008264,1.0,0.0,0.0,1.0,0.0,7.250187941789421,29200.0,2875.871335149858
443.0,2149275.1927961498,16.0,4.0,3160.3835892802285,3297.2827203289585,197.52397433001428,824.3206800822396,3004.5786278340356,9.3054626355132,113119.74698927104,163687.56123912122,1.0,1.0,0.0,0.0,0.0,322.8833154804594,2665.352833529619,501599.16586436506
11777.0,2956.0973197302555,1.0,1.0,2.136332349667308,0.48237804792880434,2.136332349667308,0.48237804792880434,885.8674510198703,676.567711979963,2956.0973197302555,3196.104597420063,1.0,0.0,0.0,1.0,0.0,1.309355198798056,14600.0,360.24399446810213
80.0,38389.4338671837,6.0,8.0,193.27842793761937,10326.809660742063,32.213071322936564,1290.8512075927579,274036.0309838414,364.6836795883976,2953.033374398746,9564.86141361693,0.0,1.0,1.0,0.0,0.0,751.4348634771202,26324.420107786176,34319.72448713866
80.0,2943.401079038768,22.0,6.0,2487.6734786189704,5016.833664237578,113.0760672099532,836.1389440395964,2549603.992571515,9512.804829555887,109.01485477921362,134.01567429030212,1.0,0.0,0.0,0.0,0.0,268.0181122448767,2521.1729911757575,2353.0411750664416
445.0,4794656.410641943,7.0,64.0,2025.089719458636,53446.28516855429,289.2985313512337,835.0982057586608,11569.416061783251,14.808151808837122,68495.09158059918,732334.2823553161,1.0,1.0,1.0,0.0,0.0,781.2869702537032,2763.873233400329,825415.6862599408
443.0,142.7527759454258,3.0,2.0,387.01550648340884,40.55270109825639,129.00516882780295,20.276350549128196,2995165.626377199,35025.588587583705,35.68819398635645,91.27408115077078,1.0,1.0,1.0,0.0,1.0,85.51364151633304,6637.4145972568185,48655.97787122142
443.0,411632.99358881195,15.0,17.0,548.5517817393601,45378.662664160525,36.57011878262401,2669.3330978917957,111573.21002256068,77.73915234784462,13278.483664155225,27187.31333102237,0.0,1.0,1.0,0.0,0.0,1435.2254514343715,26548.719849132234,753.1770431387159
25.0,2485.2513091918167,3.0,21.0,146.43198954161,1973.2428181955963,48.810663180536665,93.96394372359983,852901.5958657747,9656.97107219495,108.05440474747029,1479.022955964086,0.0,1.0,0.0,0.0,1.0,88.31978365571693,65535.0,4635882.5702257
80.0,36380393.114642814,3.0,2.0,63.70940990071099,25.411141377385288,21.236469966903663,12.705570688692644,2.4496863185963202,0.1374366677194464,9095098.278660703,15422123.181509051,1.0,1.0,0.0,0.0,0.0,17.824110255619253,29200.0,23928922.11028275
443.0,132051.66528130442,12.0,7.0,1025.3469683194226,2865.649518597051,85.44558069328521,409.3785026567216,29465.713125447066,143.8830775781968,7336.203626739134,9354.374289371419,1.0,1.0,0.0,0.0,0.0,204.78928878507756,27346.06964481435,231373.49412815605
80.0,66066.24014606317,7.0,2.0,209.06122885412617,327.16636562019215,29.86588983630374,163.58318281009608,8116.5144753022805,136.22691377778222,8258.280018257896,11383.17323844882,0.0,0.0,1.0,0.0,0.0,59.58084383047981,3814.8412962317343,20079.448466865975
8080.0,308668.3615277112,5.0,13.0,329.1296021710459,5618.934849307466,65.82592043420918,432.2257576390358,19270.08139752125,58.31501457069166,18156.962442806544,76795.00423227169,0.0,1.0,1.0,0.0,0.0,330.44802508213957,5230.93940636314,19498.08119372934
443.0,707328.0500150118,13.0,8.0,5076.38960891907,4509.571920288581,390.49150837839,563.6964900360726,13552.355981081491,29.689194426199148,35366.40250075059,50517.76487841336,0.0,1.0,1.0,0.0,0.0,456.47435853369774,14651.933477418419,5010.115923108322
53.0,1473353.233144271,15.0,5.0,1277.9451224132804,2770.9283630538857,85.19634149421869,554.1856726107771,2748.0670584517597,13.574477287648234,77544.90700759321,132175.60279136046,0.0,0.0,1.0,0.0,1.0,202.4436742733583,5663.176105039199,11953.84924095292
53.0,765822.0224264797,19.0,13.0,7932.73101504712,4015.6707807687176,417.51215868669055,308.8977523668244,15602.060852151724,41.78516556445993,24703.936207305796,47335.7295186946,0.0,1.0,0.0,0.0,1.0,373.38755611924495,2531.6337631535107,78581.92995526668
443.0,53181067.67663615,4.0,2.0,72.03915359899848,8.137252904640238,18.00978839974962,4.068626452320119,1.5076118251545056,0.1128221049731944,10636213.53532723,13016656.973132163,0.0,0.0,0.0,0.0,1.0,13.362734417273119,29200.0,12280012.359881852
14122.0,229175.3302336615,6.0,8.0,498.65974053062934,1685.7863848331986,83.10995675510489,210.72329810414982,9531.768201824432,61.0885996574149,17628.8715564355,59577.46657268663,0.0,1.0,1.0,0.0,1.0,156.03186609741627,8353.448828930826,6649812.086235786
80.0,197058.45408469782,8.0,2.0,1941.712417894921,2589.4918770242643,242.71405223686511,1294.7459385121322,22994.214158259994,50.74636379569837,21895.383787188646,22661.050736696932,0.0,0.0,0.0,0.0,0.0,453.12042949191857,1393.4326124635083,26032.654683988716
54839.0,1153.2699207414405,1.0,0.0,8.568942874233255,0.0,8.568942874233255,0.0,7430.127778520623,867.0996980109368,1153.2699207414405,928.4497217737888,1.0,0.0,0.0,0.0,0.0,8.568942874233255,5840.0,1975.8300030042365
8888.0,804074.6608906453,26.0,4.0,2250.2413040822257,1088.5666077678497,86.54774246470099,272.14165194196244,4152.360563323554,37.30996816485928,27726.71244450501,23212.92688750466,1.0,1.0,1.0,0.0,1.0,111.29359706166919,3799.0729292263204,2706075.669214445
80.0,83761.33750892275,5.0,2.0,621.0256209461922,776.6220887656289,124.20512418923845,388.31104438281443,16686.07201458472,83.57077630540844,13960.222918153791,26174.137644779177,0.0,1.0,0.0,0.0,0.0,199.66395853026015,65535.0,1691.934109907145
445.0,59554.787366344266,2.0,7.0,146.0122736104616,1524.9319682287107,73.0061368052308,217.84742403267296,28057.26148530353,151.12135225397682,7444.348420793033,44607.8195867782,0.0,1.0,1.0,0.0,1.0,185.66047131546358,65535.0,671209.2208390574
22.0,1243.9965659044221,1.0,0.0,7.523834068200595,0.0,7.523834068200595,0.0,6048.114821547394,803.8607399795919,1243.9965659044221,1188.2856574023963,1.0,0.0,0.0,1.0,0.0,7.523834068200595,29200.0,226.111586410816
